_ts|player_id|place|ball|direc
0|45124|da|0|no
0|14937|da|0|no
1|52635|mf|1|fw
1|19624|mf|1|fw
2|19624|mf|1|fw
6|96122|mf|1|la
6|49483|di|1|fw
7|104953|mf|1|fw
9|96122|mf|1|la
9|27256|mf|1|la
10|96122|mf|1|la
16|18522|di|1|la
17|18522|di|1|la
18|19624|mf|1|fw
19|19624|mf|1|fw
22|18522|di|1|fw
25|49478|da|0|no
26|49478|da|0|no
27|18522|oa|0|fw
27|49478|da|0|la
49|49478|da|0|la
52|27256|mf|0|la
52|33223|mf|0|fw
53|33223|mf|1|fw
55|19620|di|0|la
59|44743|da|1|la
60|44743|da|1|la
63|49485|mf|0|la
63|38530|mf|0|fw
65|38530|mf|1|fw
66|77831|mf|0|la
67|77831|mf|1|la
68|68791|di|1|la
69|68791|di|1|la
71|104953|oi|1|fw
74|19620|di|1|la
74|27256|da|0|la
75|19620|di|1|la
77|39297|di|1|la
78|39297|di|1|la
79|27256|da|1|la
80|27256|da|1|la
81|44743|da|1|la
82|44743|da|1|la
84|19620|mf|1|la
85|49483|mf|0|fw
86|49483|mf|1|fw
88|27256|di|1|la
89|49483|di|0|fw
89|27256|oi|0|la
98|49483|di|0|fw
110|39297|di|0|la
112|49483|mf|0|fw
112|39297|mf|0|la
113|49483|mf|0|fw
113|39297|da|0|no
114|104953|oi|1|fw
114|49483|mf|1|fw
115|49483|mf|1|fw
117|82184|oi|1|fw
118|82184|oa|1|fw
120|49483|oi|0|fw
122|18522|di|0|la
123|19624|di|0|la
124|27256|di|1|la
127|49483|mf|0|fw
128|49483|mf|1|fw
130|27256|di|0|la
133|26904|di|1|la
135|44743|da|0|la
141|44743|da|1|la
144|18522|di|1|fw
145|18522|di|1|fw
148|26904|mf|0|fw
148|45124|mf|0|la
149|26904|mf|0|fw
149|45124|mf|0|la
150|26904|mf|0|fw
157|14937|oa|1|fw
158|66905|da|0|la
159|66905|da|0|la
159|14937|oa|0|fw
163|19624|oa|0|fw
163|14937|oa|0|fw
164|19624|oa|1|fw
164|14937|oi|1|fw
165|14937|oi|1|fw
168|45124|di|0|la
168|38530|oi|1|fw
169|45124|di|0|la
169|38530|oi|0|fw
172|26904|oa|0|fw
174|68791|da|0|la
176|49485|di|1|la
179|18522|mf|1|fw
179|19624|oi|1|fw
180|19624|oi|1|fw
183|26904|oi|0|fw
184|26904|oa|0|la
184|45124|da|0|fw
195|49483|da|0|fw
197|82184|di|0|fw
198|82184|di|1|fw
199|49483|da|1|fw
201|18522|mf|1|fw
204|19624|mf|0|la
204|82184|mf|1|fw
206|77831|mf|1|la
207|49485|mf|1|la
208|49485|mf|1|la
209|45124|mf|1|la
210|45124|mf|1|la
212|49485|mf|1|la
214|38530|mf|0|fw
215|49485|mf|0|la
215|38530|mf|0|fw
225|49485|mf|0|la
228|96122|mf|0|fw
229|19624|mf|1|fw
229|77831|da|0|no
231|49485|mf|0|la
231|52635|mf|0|fw
262|66905|mf|0|la
269|44743|da|0|la
272|27256|di|1|la
273|27256|di|1|la
275|44743|da|1|la
276|96122|di|1|la
276|44743|da|1|la
277|96122|di|1|la
279|18522|di|1|fw
280|18522|di|1|fw
283|26904|mf|1|fw
284|26904|mf|1|fw
287|38530|oi|0|fw
287|77831|di|0|la
288|45124|di|0|la
288|38530|oi|0|fw
290|82184|mf|0|la
291|19624|mf|0|fw
291|82184|mf|0|la
292|96122|mf|0|fw
293|96122|mf|1|fw
294|26904|oi|1|fw
295|26904|oi|1|fw
298|14937|oa|0|fw
301|14937|oa|0|la
301|82184|da|0|fw
318|49483|da|0|fw
325|19624|oi|0|la
350|49478|di|0|fw
353|27256|di|0|la
357|52635|mf|1|la
358|19624|mf|0|la
359|49483|mf|0|fw
359|19624|mf|1|la
360|49483|mf|1|fw
360|77831|mf|1|fw
361|39297|mf|0|la
361|77831|mf|1|la
363|45124|mf|0|la
363|96122|mf|0|fw
365|96122|mf|0|fw
367|96122|mf|1|fw
367|38530|mf|1|fw
368|38530|mf|1|fw
368|14937|oi|1|fw
369|14937|oi|1|fw
371|38530|oi|0|fw
371|60800|di|0|la
372|60800|di|0|la
373|60800|mf|1|la
380|26904|mf|0|fw
380|82184|mf|0|la
383|26904|mf|0|fw
383|82184|mf|0|la
409|45124|di|0|la
411|26904|mf|0|fw
412|45124|di|0|la
412|14937|oi|0|fw
413|19624|mf|1|fw
414|96122|oi|1|fw
415|96122|oi|1|fw
417|104953|da|0|fw
418|19620|oa|0|la
420|68791|da|0|la
420|52635|oa|0|fw
424|96122|oi|1|la
425|49485|da|1|la
426|49478|da|0|la
428|49478|da|0|la
434|45124|mf|0|la
435|45124|mf|1|la
439|49485|mf|1|la
440|49485|mf|1|la
443|66905|mf|1|la
444|66905|mf|1|la
448|49483|oi|1|fw
453|44743|da|0|la
460|44743|da|1|la
461|27256|da|1|la
462|39297|mf|1|la
462|27256|da|1|la
463|39297|mf|1|la
466|27256|da|1|la
467|27256|di|1|la
470|68791|mf|0|fw
470|52635|mf|0|la
475|39297|mf|0|la
476|14937|mf|0|fw
477|14937|mf|1|fw
478|19624|mf|1|la
479|19624|mf|1|la
481|26904|mf|1|fw
482|26904|mf|1|fw
484|49485|di|0|la
484|38530|oi|0|fw
485|26904|mf|1|fw
485|38530|oi|1|fw
486|26904|mf|1|fw
486|19624|mf|1|fw
487|19624|mf|1|fw
488|38530|oi|1|fw
490|60800|di|0|la
491|60800|di|0|la
493|19624|oi|0|fw
493|60800|di|0|la
528|49478|di|0|la
532|27256|di|0|la
532|33223|oi|0|fw
533|77831|mf|1|la
534|19624|di|1|la
536|96122|mf|0|fw
537|96122|mf|1|fw
539|49478|da|0|no
540|49478|da|0|la
541|49478|da|1|la
546|82184|oi|0|fw
547|18522|di|0|la
549|96122|di|0|la
549|33223|oi|0|fw
550|96122|di|0|la
551|96122|di|1|la
554|39297|di|1|la
556|49485|mf|0|la
557|49485|mf|0|la
558|49485|mf|1|la
560|60800|mf|1|la
561|60800|mf|1|fw
564|104953|oi|1|fw
565|104953|oi|1|fw
566|49483|oa|0|fw
568|27256|da|0|la
571|104953|oi|0|fw
571|14937|di|0|la
576|38530|da|0|la
578|38530|da|1|fw
583|104953|di|0|la
583|38530|oi|0|fw
598|49485|mf|0|la
601|60800|di|1|la
603|14937|oi|1|fw
606|68791|di|0|la
606|19624|oi|0|fw
692|49478|da|0|la
692|14937|oi|0|fw
695|49478|da|0|la
695|14937|oa|0|fw
712|38530|oa|0|fw
713|33223|da|0|la
716|49485|di|0|la
716|38530|oi|0|fw
724|19624|oi|0|fw
724|38530|oa|0|fw
725|19624|oi|1|fw
727|38530|oi|1|fw
728|38530|oi|1|fw
729|26904|mf|1|fw
730|26904|mf|1|fw
731|18522|mf|1|fw
732|18522|mf|1|fw
740|27256|mf|1|la
741|49485|da|0|la
741|27256|oa|0|fw
767|49478|da|0|la
772|18522|mf|0|fw
772|33223|mf|0|la
773|18522|mf|0|fw
775|49485|da|0|no
776|49485|mf|0|la
776|18522|mf|0|fw
786|49485|mf|0|la
790|82184|mf|0|la
791|82184|mf|1|la
797|104953|mf|1|fw
798|104953|oi|1|fw
801|49483|oa|0|fw
804|44743|da|0|la
807|44743|da|0|la
813|26904|mf|1|fw
816|49478|da|0|la
818|49478|da|0|la
820|60800|di|0|fw
821|60800|di|1|fw
822|49483|di|1|fw
823|49483|di|1|fw
824|60800|di|1|fw
825|60800|di|1|fw
827|66905|mf|1|la
828|66905|mf|1|la
831|49485|mf|1|la
832|49485|mf|1|la
834|66905|mf|1|la
835|66905|mf|1|la
839|68791|di|1|la
840|68791|di|1|la
841|77831|mf|1|fw
842|77831|mf|1|fw
848|104953|mf|1|fw
849|104953|mf|1|fw
849|49483|mf|1|fw
850|49483|mf|1|fw
851|33223|mf|0|fw
854|27256|mf|0|la
855|27256|mf|0|la
855|33223|mf|0|fw
858|49483|mf|0|fw
861|27256|di|0|la
861|33223|oa|0|fw
863|27256|di|0|la
863|33223|oi|0|fw
868|49483|oi|0|fw
870|104953|oi|1|fw
872|27256|da|0|la
872|14937|mf|1|la
873|14937|mf|1|la
876|39297|di|1|la
877|39297|di|1|la
877|14937|mf|1|la
878|14937|mf|1|la
880|45124|mf|0|fw
880|96122|mf|0|la
882|49483|mf|0|fw
883|49483|mf|0|fw
883|19624|mf|0|la
898|49483|mf|0|fw
900|27256|di|0|la
903|68791|mf|0|fw
903|27256|mf|0|la
913|49483|mf|0|fw
916|82184|oa|0|fw
917|82184|oa|0|fw
919|96122|da|0|la
919|33223|oa|0|fw
921|27256|da|0|la
921|33223|oa|0|fw
924|18522|da|0|la
926|14937|mf|1|la
927|14937|di|1|la
928|104953|oi|0|fw
928|39297|di|0|la
934|82184|da|0|no
944|26904|di|0|fw
944|19620|di|0|la
945|26904|di|1|fw
946|19624|mf|1|fw
947|26904|di|1|fw
947|19624|mf|1|fw
948|26904|di|1|fw
949|38530|mf|0|fw
950|38530|mf|0|fw
950|82184|mf|0|la
954|49485|mf|0|la
954|45124|mf|0|la
955|49485|mf|1|la
955|45124|mf|1|la
956|49485|mf|1|la
956|60800|mf|1|la
957|60800|mf|1|la
958|45124|mf|0|la
961|19624|mf|1|fw
961|39297|di|0|la
962|19624|mf|1|fw
964|26904|di|1|la
966|66905|mf|1|la
968|45124|mf|0|fw
969|45124|mf|1|fw
970|49483|mf|1|fw
971|49483|mf|1|fw
978|104953|oa|0|fw
983|19620|da|0|la
986|96122|di|0|la
988|19620|di|1|la
990|66905|mf|0|fw
992|66905|mf|0|fw
994|66905|mf|0|fw
995|19620|mf|0|la
997|96122|mf|1|la
998|96122|mf|1|la
1003|38530|mf|1|fw
1007|66905|da|0|la
1007|38530|oa|0|fw
1028|49478|da|0|la
1029|45124|mf|0|la
1029|96122|mf|0|fw
1031|77831|mf|1|la
1032|60800|mf|1|la
1034|19620|mf|0|la
1035|19620|mf|1|la
1039|39297|mf|1|la
1040|39297|oi|1|la
1043|52635|oa|0|fw
1043|49483|da|0|la
1050|49483|da|1|fw
1052|39297|oa|0|la
1053|19624|mf|1|la
1056|27256|mf|0|la
1056|33223|mf|0|fw
1067|49483|mf|0|fw
1073|27256|da|0|la
1078|19620|da|0|la
1079|19620|di|1|la
1080|96122|di|1|la
1081|96122|di|1|la
1088|26904|mf|1|fw
1089|26904|oi|0|fw
1091|14937|oa|0|fw
1092|49478|da|0|la
1092|14937|oa|0|fw
1093|49483|da|0|la
1097|104953|mf|0|fw
1097|19620|mf|1|la
1099|104953|mf|0|fw
1099|19620|mf|0|la
1101|19620|mf|0|la
1106|39297|oi|1|la
1107|77831|da|0|fw
1108|38530|da|0|no
1108|77831|da|0|fw
1109|39297|oi|0|la
1109|77831|da|1|fw
1110|49483|da|1|la
1111|104953|di|1|fw
1112|104953|di|1|la
1115|27256|mf|0|la
1115|82184|mf|0|fw
1140|60800|mf|0|fw
1141|68791|di|0|la
1142|68791|di|1|la
1145|33223|oa|1|fw
1146|44743|da|0|la
1146|33223|oa|0|fw
1150|26904|da|0|la
1150|96122|di|1|la
1151|96122|di|1|la
1155|19620|di|1|la
1156|19620|mf|1|la
1158|96122|mf|1|la
1159|96122|mf|1|la
1164|26904|mf|1|fw
1165|26904|mf|1|fw
1165|96122|mf|1|fw
1166|96122|mf|1|fw
1168|38530|mf|1|fw
1169|38530|mf|1|fw
1171|19624|mf|1|fw
1172|19624|mf|1|fw
1174|19620|oi|1|la
1175|19620|oi|1|la
1177|39297|oa|0|fw
1178|68791|da|0|la
1179|68791|da|0|fw
1179|39297|oa|0|la
1185|19620|oa|0|la
1187|38530|oa|0|la
1188|38530|oa|1|la
1189|19620|oa|1|la
1190|19620|oa|0|la
1192|68791|da|0|la
1192|52635|oa|0|fw
1193|52635|oa|0|fw
1194|68791|da|0|la
1194|52635|oa|0|fw
1218|49478|da|0|la
1222|26904|mf|0|fw
1222|77831|mf|0|la
1224|77831|mf|1|la
1226|18522|di|0|fw
1226|82184|oi|0|la
1231|19624|di|0|fw
1231|77831|oi|0|la
1237|19624|mf|0|fw
1241|96122|mf|0|fw
1242|96122|mf|1|la
1247|19624|mf|1|fw
1249|49485|da|0|la
1249|19624|oa|0|fw
1272|49478|da|0|la
1277|27256|mf|0|la
1277|33223|mf|0|fw
1279|19624|mf|1|fw
1279|77831|da|0|no
1284|68791|di|0|la
1284|52635|oi|0|fw
1294|66905|mf|0|la
1297|49483|mf|0|fw
1298|104953|oi|1|fw
1298|49483|mf|1|fw
1299|104953|mf|1|fw
1299|49483|mf|1|fw
1300|49483|mf|1|fw
1305|96122|di|0|la
1305|60800|oi|0|fw
1367|49485|oa|0|fw
1370|96122|da|0|la
1370|33223|oa|0|fw
1371|44743|da|0|la
1371|33223|oa|0|fw
1377|19624|da|0|la
1377|44743|da|0|la
1378|44743|da|1|la
1380|77831|mf|1|la
1381|68791|mf|0|la
1382|68791|mf|1|la
1385|18522|di|0|fw
1385|82184|oi|0|la
1388|82184|oa|1|la
1393|26904|da|0|fw
1393|45124|oa|0|la
1397|26904|da|0|la
1397|45124|oa|0|fw
1398|26904|da|0|la
1398|45124|oa|0|fw
1426|49485|oa|0|fw
1428|66905|oa|0|fw
1429|66905|oa|1|fw
1434|49485|oa|0|fw
1440|49485|oa|0|fw
1440|19624|da|0|la
1451|49485|oa|0|fw
1455|38530|da|0|la
1460|60800|mf|1|fw
1462|49483|mf|1|fw
1465|49483|oi|0|la
1465|38530|di|0|fw
1476|26904|di|0|fw
1476|18522|di|0|la
1477|18522|di|1|la
1479|19624|di|1|fw
1480|19624|di|1|fw
1484|96122|mf|1|la
1485|96122|mf|1|la
1487|19620|mf|1|la
1488|19620|mf|1|la
1490|96122|mf|1|la
1491|96122|mf|1|la
1492|39297|oi|1|la
1493|39297|oi|1|la
1494|96122|mf|1|la
1495|96122|mf|1|la
1495|14937|oi|1|fw
1496|14937|oi|1|fw
1498|96122|mf|1|la
1499|96122|mf|1|la
1501|26904|mf|0|fw
1503|26904|mf|0|fw
1503|104953|mf|0|la
1510|45124|mf|0|la
1511|33223|mf|0|la
1512|49485|mf|1|la
1512|33223|mf|1|la
1513|49485|mf|1|la
1515|77831|mf|1|la
1518|19620|mf|0|la
1520|49483|mf|1|fw
1523|68791|di|1|la
1524|68791|di|1|la
1527|77831|mf|1|la
1530|19624|mf|0|fw
1531|19624|oi|1|fw
1533|49483|di|0|la
1533|14937|oi|0|fw
1542|19624|oi|0|la
1545|38530|oa|0|fw
1548|49483|da|0|la
1548|38530|oa|0|fw
1572|49485|da|0|la
1574|33223|di|1|la
1578|26904|mf|0|fw
1578|45124|di|1|la
1581|18522|mf|0|fw
1583|45124|mf|0|la
1585|45124|mf|0|la
1585|96122|mf|0|fw
1587|96122|mf|0|fw
1588|49485|mf|0|la
1588|52635|mf|0|fw
1588|96122|mf|1|fw
1589|49485|mf|1|la
1593|19624|mf|0|fw
1593|60800|mf|0|la
1605|77831|da|0|no
1610|66905|mf|0|la
1611|49485|mf|0|la
1612|49485|mf|1|la
1614|33223|oi|0|la
1616|26904|di|0|fw
1617|26904|di|1|fw
1617|52635|mf|1|fw
1618|52635|mf|1|fw
1620|19624|mf|1|fw
1621|19624|mf|1|fw
1623|14937|oi|1|fw
1624|14937|oi|1|fw
1627|19620|oa|0|fw
1628|49483|da|0|la
1633|19620|oa|0|fw
1635|49478|da|0|la
1653|49478|da|1|la
1654|66905|di|1|la
1655|66905|di|1|la
1656|77831|mf|1|la
1657|77831|mf|1|la
1659|49483|mf|1|fw
1660|49483|mf|1|fw
1662|45124|mf|1|fw
1663|45124|mf|1|fw
1671|27256|da|0|la
1671|82184|oa|0|fw
1672|27256|da|0|la
1672|82184|oa|0|fw
1699|104953|oa|0|fw
1701|33223|oa|1|fw
1706|27256|da|0|la
1706|33223|oa|0|fw
1725|19620|da|0|la
1726|27256|da|0|la
1727|19620|da|1|la
1727|27256|da|1|la
1728|19620|da|1|la
1736|26904|da|1|fw
1737|26904|da|1|fw
1739|18522|di|0|la
1739|77831|oi|0|fw
1741|18522|da|1|la
1743|44743|da|1|la
1746|66905|mf|0|la
1746|52635|mf|0|fw
1749|26904|di|1|fw
1749|19624|mf|1|fw
1750|19624|mf|1|fw
1751|52635|mf|1|fw
1752|52635|mf|1|fw
1752|96122|mf|1|fw
1753|96122|mf|1|fw
1757|45124|mf|0|fw
1757|19620|mf|1|la
1758|77831|di|0|la
1759|77831|di|1|la
1762|27256|di|0|la
1762|82184|oi|0|fw
1768|45124|oi|0|fw
1768|96122|di|0|la
1769|45124|oi|1|fw
1772|18522|di|0|la
1773|18522|di|1|la
1775|38530|di|1|fw
1776|38530|mf|1|fw
1779|39297|mf|1|la
1780|39297|mf|1|la
1782|19620|da|0|no
1784|68791|di|0|la
1784|14937|oi|0|fw
1786|38530|oi|1|fw
1790|19620|oa|0|la
1791|49483|da|0|la
1793|19624|oi|0|fw
1793|77831|di|0|la
1794|19624|oi|0|fw
1796|19624|oa|1|fw
1797|19620|oa|0|fw
1798|68791|da|0|la
1850|33223|mf|1|la
1850|82184|mf|1|fw
1851|82184|mf|1|fw
1852|77831|mf|1|la
1853|77831|mf|1|la
1854|33223|oi|1|fw
1855|33223|oi|1|fw
1857|45124|oi|0|fw
1857|27256|da|0|la
1887|44743|di|0|la
1888|68791|di|0|la
1888|52635|oi|0|fw
1889|68791|di|0|la
1890|60800|di|0|la
1891|19624|oi|1|fw
1892|19624|oi|1|fw
1892|39297|oi|1|fw
1893|39297|oi|1|fw
1895|38530|oi|0|fw
1895|60800|di|0|la
1896|38530|oi|1|fw
1898|14937|oi|1|fw
1899|49478|da|0|la
1899|14937|oi|0|fw
1902|68791|da|0|la
1905|68791|di|0|fw
1905|14937|oi|0|la
1912|19620|mf|0|la
1921|96122|mf|0|la
1922|96122|mf|1|la
1924|27256|di|1|la
1925|27256|mf|1|la
1926|96122|di|1|la
1927|96122|di|1|la
1928|18522|di|1|fw
1929|18522|di|1|fw
1931|96122|mf|1|fw
1932|52635|mf|1|fw
1932|96122|mf|1|fw
1933|52635|mf|1|fw
1936|96122|mf|1|fw
1938|45124|di|1|la
1938|49483|da|1|la
1939|45124|di|1|la
1941|60800|mf|0|fw
1944|60800|mf|1|fw
1945|49483|di|1|fw
1946|49483|di|1|fw
1948|33223|mf|1|fw
1950|18522|di|0|la
1954|19620|di|0|la
1955|19620|di|1|la
1957|96122|mf|1|la
1958|96122|mf|1|la
1960|38530|mf|1|la
1961|38530|mf|1|la
1962|14937|mf|1|la
1963|14937|mf|1|la
1964|19624|mf|1|la
1965|19624|mf|1|la
1967|14937|mf|1|fw
1968|14937|mf|1|fw
1969|19624|mf|1|la
1970|82184|mf|0|la
1971|82184|mf|1|la
1972|39297|mf|1|la
1973|19624|mf|0|la
1976|19624|mf|1|la
1983|38530|oi|1|la
1984|19624|oi|1|la
1984|38530|oa|1|la
1985|19624|oi|1|la
1989|39297|oi|1|la
1990|39297|oi|1|la
1992|96122|mf|1|la
1992|82184|mf|0|fw
1993|82184|mf|0|fw
1994|96122|mf|0|la
1994|82184|mf|0|fw
1996|96122|mf|0|la
1999|96122|di|1|la
2002|18522|mf|1|la
2003|18522|mf|1|fw
2005|19620|mf|1|la
2006|19620|mf|1|la
2009|19624|oi|1|la
2010|19624|oi|1|la
2011|14937|oi|1|fw
2012|19624|oi|1|fw
2012|14937|oi|1|fw
2013|52635|oi|1|fw
2013|19624|oi|1|fw
2014|52635|oi|1|fw
2016|38530|oa|1|fw
2017|38530|oa|1|fw
2018|39297|oa|1|fw
2019|39297|oa|0|fw
2021|49483|da|0|la
2021|39297|oa|0|fw
2037|49478|da|0|la
2040|66905|di|0|la
2041|66905|di|1|la
2042|68791|di|1|la
2043|68791|di|1|fw
2044|60800|mf|1|fw
2045|60800|mf|1|fw
2047|45124|mf|1|fw
2048|45124|mf|1|fw
2051|33223|oi|1|fw
2053|27256|da|0|la
2055|38530|di|0|la
2056|38530|di|1|la
2058|66905|di|1|la
2060|49478|da|0|la
2062|49478|da|0|la
2066|49485|di|0|la
2067|49485|mf|1|la
2070|26904|mf|0|fw
2070|104953|mf|0|la
2072|104953|mf|1|la
2073|49485|mf|1|la
2074|49485|oi|1|la
2076|82184|oi|1|fw
2077|82184|oi|1|la
2081|104953|oa|0|fw
2084|44743|da|0|la
2085|44743|da|0|la
2096|38530|di|0|la
2097|38530|oi|1|la
2100|39297|oa|1|la
2101|77831|da|0|no
2103|39297|oa|0|fw
2103|77831|da|0|la
2108|49478|da|0|la
2112|49483|da|0|la
2113|49483|di|1|fw
2116|45124|mf|1|fw
2117|45124|mf|1|fw
2125|104953|mf|1|la
2126|104953|oi|1|fw
2129|82184|oa|1|la
2130|82184|oa|1|la
2133|104953|oi|1|la
2134|104953|oa|0|fw
2135|33223|oa|0|fw
2136|33223|oa|0|fw
2137|96122|da|0|la
2137|33223|oa|0|fw
2175|44743|da|0|la
2176|104953|mf|0|la
2176|18522|mf|1|fw
2177|104953|mf|0|la
2178|26904|mf|0|fw
2178|104953|mf|1|la
2184|82184|mf|1|la
2186|26904|di|0|fw
2186|104953|oi|0|la
2187|104953|oi|0|la
2188|26904|di|0|fw
2188|104953|oi|0|la
2194|26904|di|0|fw
2196|18522|di|0|la
2197|18522|di|1|fw
2198|39297|di|1|la
2199|39297|di|1|la
2201|18522|di|1|fw
2202|18522|di|1|fw
2204|39297|di|1|la
2206|49483|di|0|la
2207|49483|di|1|la
2210|60800|mf|1|fw
2211|60800|mf|1|fw
2217|45124|mf|1|fw
2218|45124|mf|1|la
2220|49485|mf|1|la
2221|49485|mf|1|la
2223|77831|mf|1|la
2224|77831|oi|1|la
2225|82184|oi|1|fw
2227|27256|di|0|la
2229|19620|di|0|la
2229|33223|oi|0|fw
2239|27256|di|0|la
2240|19620|mf|0|la
2241|19620|mf|1|la
2243|19624|mf|1|la
2244|19624|mf|1|la
2246|96122|mf|1|fw
2247|96122|mf|1|la
2259|44743|di|1|la
2260|68791|di|1|la
2263|49478|da|0|la
2264|49478|da|0|la
2265|49483|da|0|la
2266|49483|di|1|la
2267|77831|di|1|la
2268|77831|di|1|la
2270|45124|mf|1|fw
2271|45124|mf|1|fw
2272|60800|mf|1|fw
2273|45124|mf|1|fw
2273|60800|mf|1|fw
2274|45124|mf|1|fw
2275|77831|mf|1|fw
2276|77831|mf|1|fw
2280|104953|oi|1|la
2281|38530|di|0|fw
2282|104953|oi|1|fw
2283|49485|oa|1|fw
2284|49485|oa|1|fw
2286|104953|oa|0|fw
2286|96122|da|0|la
2291|77831|oi|1|la
2293|49485|oa|0|la
2297|49485|oa|0|la
2297|38530|da|0|fw
2310|26904|da|0|fw
2312|49483|mf|0|la
2312|14937|mf|0|fw
2315|49483|da|0|no
2333|18522|mf|0|fw
2335|96122|di|0|la
2336|96122|di|1|la
2344|44743|da|1|la
2348|49478|da|0|no
2349|49478|da|0|la
2354|49478|da|1|la
2359|82184|oi|1|fw
2360|82184|oi|1|fw
2362|33223|oi|1|fw
2363|33223|oi|1|fw
2365|26904|da|0|la
2365|104953|oa|0|fw
2367|104953|oa|0|fw
2370|26904|da|0|la
2370|104953|oa|0|fw
2386|44743|da|0|la
2388|49483|mf|0|fw
2388|14937|mf|0|la
2395|19624|mf|0|la
2395|39297|mf|0|la
2396|96122|mf|1|la
2396|19624|mf|1|la
2397|96122|mf|1|la
2401|19624|mf|1|la
2401|39297|mf|1|la
2402|19624|mf|1|la
2402|39297|mf|1|la
2406|19620|oi|0|la
2409|19620|oa|0|fw
2409|60800|da|0|la
2427|49485|da|0|la
2432|26904|oi|1|fw
2432|19624|oi|1|fw
2433|26904|oi|1|fw
2434|49485|di|0|la
2434|38530|oa|1|fw
2436|19624|oi|1|fw
2437|19624|oi|1|fw
2440|26904|oa|0|fw
2442|49478|da|0|la
2442|14937|oa|0|fw
2443|49478|da|0|la
2444|49478|da|0|la
2450|45124|oi|0|fw
2450|27256|di|0|la
2467|27256|di|0|la
2469|19624|di|0|la
2470|19624|mf|1|la
2470|39297|mf|1|la
2471|39297|mf|1|la
2472|18522|di|1|la
2473|18522|di|1|la
2476|39297|mf|1|la
2477|39297|mf|1|la
2480|52635|oi|0|fw
2481|49478|da|0|la
2486|49478|da|1|la
2491|82184|mf|1|fw
2493|96122|mf|1|fw
2493|19620|di|0|la
2494|96122|mf|1|fw
2494|38530|mf|1|fw
2495|38530|mf|1|fw
2497|19624|mf|1|fw
2499|66905|di|0|la
2505|26904|oi|1|fw
2506|38530|oi|1|fw
2507|49483|da|0|la
2509|49483|di|1|la
2514|82184|mf|1|la
2515|82184|oi|1|la
2516|104953|oa|1|la
2517|104953|oa|1|la
2519|33223|oa|0|fw
2521|19620|da|0|la
2525|19620|da|1|la
2526|19620|di|0|fw
2526|33223|oi|0|la
2530|104953|oi|0|la
2534|82184|oi|0|fw
2537|19620|da|0|la
2537|82184|oa|0|fw
2563|44743|da|0|la
2564|68791|mf|0|la
2564|52635|mf|0|fw
2565|68791|di|1|la
2567|104953|mf|0|la
2573|49485|mf|0|la
2573|19624|mf|0|fw
2575|49485|mf|1|la
2581|45124|oi|1|fw
2584|18522|da|0|la
2585|19624|mf|1|fw
2586|77831|mf|0|fw
2588|19624|mf|1|fw
2588|38530|di|0|la
2589|19624|mf|1|fw
2589|38530|di|1|la
2590|49485|mf|0|la
2592|96122|di|1|la
2595|49485|mf|0|fw
2595|96122|mf|0|la
2599|49483|mf|0|fw
2600|45124|mf|0|fw
2601|45124|mf|1|fw
2605|60800|mf|1|fw
2606|60800|mf|1|fw
2607|49483|mf|1|fw
2608|49483|mf|1|fw
2611|77831|mf|1|fw
2620|44743|da|0|la
2624|44743|da|1|la
2628|66905|da|0|la
2629|60800|di|0|la
2630|60800|di|1|la
2631|52635|oi|0|fw
2632|52635|da|0|no
2633|52635|oi|1|fw
2634|38530|oi|1|fw
2635|38530|oi|0|fw
2636|38530|oa|0|fw
2636|60800|da|0|la
2652|49478|da|0|la
2653|68791|da|0|la
2654|68791|di|1|fw
2657|45124|mf|1|fw
2658|45124|mf|1|fw
2660|49483|di|1|fw
2662|27256|di|0|la
2664|49483|mf|0|fw
2664|27256|mf|0|la
2667|45124|mf|0|fw
2671|49483|mf|1|fw
2675|49483|oa|0|fw
2675|27256|da|0|la
2697|44743|da|0|la
2699|66905|di|0|la
2699|52635|oi|0|fw
2700|66905|mf|1|la
2702|19624|mf|1|fw
2705|38530|oi|0|fw
2706|68791|da|0|la
2707|68791|da|0|la
2707|38530|oa|0|fw
2729|19624|oa|0|fw
2732|68791|da|0|no
2735|68791|da|0|la
2735|19624|oa|0|fw
2761|33223|mf|1|fw
2761|82184|mf|1|fw
2762|33223|mf|1|fw
2764|60800|mf|1|la
2766|26904|da|0|la
2766|60800|oa|0|fw
2786|44743|da|0|la
2788|26904|mf|0|fw
2789|26904|mf|1|fw
2791|19624|mf|1|fw
2792|19624|mf|1|fw
2793|26904|mf|1|fw
2794|26904|mf|1|fw
2794|38530|oi|1|fw
2795|38530|oi|1|fw
2796|26904|oi|1|fw
2797|26904|oi|1|fw
2798|19624|mf|1|fw
2799|77831|mf|0|la
2805|19624|oi|1|la
2805|77831|mf|0|la
2806|49483|da|0|fw
2806|77831|da|0|no
2807|49483|da|1|fw
2808|77831|di|1|fw
2809|77831|di|1|fw
2811|33223|mf|1|fw
2812|33223|mf|1|fw
2813|45124|mf|1|fw
2814|45124|mf|1|fw
2815|60800|mf|1|fw
2816|60800|mf|1|fw
2821|18522|mf|0|fw
2821|82184|mf|0|la
2830|66905|mf|0|la
2831|49485|mf|0|la
2832|49485|mf|1|la
2837|38530|di|0|fw
2837|77831|oi|0|la
2838|96122|di|1|la
2838|38530|di|0|fw
2839|96122|di|1|la
2843|39297|di|0|la
2843|60800|oi|0|fw
2847|18522|di|1|la
2848|18522|mf|0|la
2848|60800|mf|0|fw
2859|49483|mf|0|fw
2861|45124|mf|1|fw
2865|27256|da|0|la
2866|27256|da|1|la
2869|44743|da|1|la
2870|45124|oi|0|fw
2870|44743|di|0|la
2876|49483|oi|0|fw
2879|45124|oi|0|fw
2881|45124|oi|0|fw
2881|44743|di|0|la
2893|19620|di|0|la
2895|77831|mf|1|fw
2897|60800|mf|0|fw
2899|96122|mf|1|la
2901|38530|mf|1|la
2902|38530|mf|1|la
2903|19624|mf|1|la
2904|96122|mf|1|fw
2904|19624|mf|1|la
2905|96122|mf|1|fw
2909|19624|mf|1|la
2910|19624|mf|1|la
2910|14937|oi|1|fw
2911|14937|oi|1|fw
2912|39297|oa|1|fw
2913|39297|oa|1|fw
2915|38530|oi|1|fw
2916|68791|da|0|la
2916|38530|oi|0|fw
2947|19624|oa|0|fw
2949|33223|da|0|la
2952|82184|mf|0|la
2955|82184|da|0|no
2956|39297|mf|0|fw
2956|82184|mf|0|la
2968|45124|mf|0|la
2971|49485|mf|0|la
2972|49485|mf|1|la
2977|66905|mf|1|la
2978|52635|mf|0|fw
2981|77831|di|0|la
2983|52635|oi|1|fw
2984|49478|da|0|la
2985|49478|da|0|la
2987|66905|di|0|la
2988|66905|di|1|la
2989|60800|mf|1|la
2990|60800|mf|1|fw
2997|104953|oa|0|fw
3001|104953|oi|0|fw
3001|96122|di|0|la
3007|96122|da|0|la
3011|19620|mf|0|la
3011|77831|mf|0|fw
3012|19620|mf|0|la
3012|77831|di|0|fw
3018|19620|mf|0|la
3023|39297|mf|0|la
3024|39297|mf|1|la
3029|18522|mf|1|fw
3030|66905|di|0|la
3031|66905|di|1|la
3036|96122|mf|0|fw
3036|33223|mf|0|la
3038|77831|mf|0|la
3039|60800|mf|0|fw
3040|60800|mf|1|fw
3044|49483|mf|1|fw
3047|27256|di|0|la
3049|27256|di|1|la
3051|68791|mf|1|fw
3052|60800|mf|0|fw
3053|60800|mf|1|fw
3055|49483|mf|1|fw
3056|49483|mf|1|fw
3057|77831|mf|1|fw
3058|77831|mf|1|fw
3061|45124|mf|1|fw
3062|45124|mf|1|fw
3065|49485|mf|1|la
3066|49485|mf|1|la
3069|26904|di|0|fw
3069|33223|oi|0|la
3071|33223|oi|1|la
3072|49485|mf|1|la
3073|49485|oi|1|la
3074|45124|oi|1|la
3075|45124|oi|1|la
3076|60800|oi|1|fw
3077|60800|oi|1|fw
3078|45124|oi|1|fw
3079|49485|oi|1|la
3079|45124|oi|1|fw
3080|49485|oi|1|la
3085|33223|oa|1|la
3086|33223|oi|0|fw
3089|26904|da|0|la
3089|33223|oa|0|fw
3112|44743|da|0|la
3115|77831|mf|1|la
3120|44743|da|0|fw
3120|77831|oa|0|la
3124|26904|da|0|fw
3126|44743|da|1|la
3130|68791|mf|1|la
3131|77831|mf|0|la
3134|77831|mf|1|fw
3136|49485|mf|1|la
3137|49485|mf|1|la
3138|45124|oi|1|la
3139|45124|oi|1|la
3140|33223|oa|0|fw
3148|38530|di|0|fw
3149|18522|di|1|la
3149|38530|di|1|fw
3150|18522|di|1|la
3158|27256|di|1|la
3159|68791|mf|0|fw
3160|68791|mf|1|fw
3167|104953|oi|0|fw
3170|27256|da|0|la
3175|77831|oi|0|la
3178|14937|di|0|fw
3178|77831|oi|0|la
3184|26904|di|0|fw
3184|14937|mf|0|fw
3185|19624|mf|1|fw
3185|14937|mf|1|fw
3186|19624|mf|1|fw
3191|38530|oi|1|fw
3192|38530|mf|1|fw
3194|19624|mf|1|fw
3195|19624|mf|1|fw
3195|38530|oi|1|fw
3196|38530|oi|1|fw
3201|14937|oa|1|fw
3202|68791|da|0|la
3204|49483|da|0|la
3204|39297|oa|0|fw
3205|49483|da|0|la
3206|49483|da|0|la
3206|39297|oa|0|fw
3207|49483|da|0|la
3207|39297|oa|0|fw
3226|49485|da|0|la
3228|19624|mf|1|fw
3229|77831|di|1|la
3230|38530|oi|1|fw
3231|19624|oi|0|fw
3232|19624|oi|1|fw
3233|14937|oi|1|fw
3234|14937|oi|1|fw
3239|19620|oa|0|la
3241|49478|da|0|la
3241|14937|oa|0|fw
3242|49478|da|0|la
3244|49478|da|1|la
3251|44743|da|0|la
3254|27256|di|1|la
3255|27256|di|1|la
3256|96122|di|1|la
3257|96122|di|1|la
3261|27256|di|1|la
3262|27256|di|1|la
3266|44743|da|1|la
3267|44743|da|1|la
3273|27256|di|1|la
3274|27256|di|1|la
3276|52635|mf|1|la
3277|52635|mf|1|la
3280|19624|mf|1|fw
3281|19624|mf|1|fw
3285|38530|oi|1|fw
3286|38530|oi|1|fw
3287|14937|oi|1|fw
3288|14937|oi|1|fw
3289|38530|oi|1|fw
3290|38530|oi|1|fw
3292|39297|oa|1|fw
3293|66905|da|0|la
3294|49483|da|0|la
3294|38530|oa|0|fw
3296|104953|di|0|fw
3297|104953|di|1|fw
3301|82184|mf|1|fw
3304|38530|oi|0|la
3305|38530|oi|0|la
3305|82184|di|0|fw
3313|49483|mf|0|fw
3318|27256|mf|0|la
3318|82184|mf|0|fw
3320|27256|mf|0|la
3320|82184|mf|0|fw
3324|49483|mf|0|fw
3325|33223|oi|0|fw
3326|33223|oi|1|fw
3328|18522|di|0|la
3328|82184|oi|0|fw
3332|18522|di|0|la
3332|82184|oi|0|fw
3340|82184|da|0|no
3401|44743|di|0|la
3403|52635|mf|1|la
3406|49483|da|0|la
3407|49483|da|1|la
3408|49478|da|1|la
3411|19620|mf|0|la
3411|33223|mf|0|fw
3412|19620|mf|1|la
3412|33223|mf|0|fw
3413|19624|mf|0|la
3414|96122|mf|1|la
3415|96122|mf|1|la
3421|19624|mf|1|la
3422|49485|mf|0|la
3423|49485|mf|0|la
3424|49485|mf|1|la
3426|45124|oi|0|la
3426|19624|di|0|fw
3428|45124|oi|1|la
3429|49485|oa|1|fw
3430|49485|oa|0|fw
3431|33223|oa|0|fw
3432|33223|oa|0|fw
3487|52635|mf|1|fw
3488|19624|mf|1|fw
3489|19624|mf|1|fw
3491|26904|mf|1|fw
3492|26904|oi|1|fw
3492|52635|oi|1|fw
3493|52635|oi|1|fw
3495|49483|da|0|la
3495|19624|oi|1|fw
3496|49483|da|0|la
3496|19624|oa|0|fw
3506|14937|oa|0|fw
3507|19620|oa|0|la
3508|19620|oa|1|la
3508|14937|oa|1|la
3509|49483|da|0|la
3509|14937|oi|0|la
3513|49478|da|0|la
3520|49478|da|0|la
3522|49485|da|0|la
3523|49485|di|1|la
3524|66905|di|1|la
3525|66905|di|1|la
3526|49485|di|1|la
3527|49485|di|1|la
3528|77831|di|1|la
3529|77831|di|1|la
3530|60800|mf|1|la
3531|60800|mf|1|la
3535|49485|di|1|la
3540|19620|da|0|la
3541|49485|oa|0|fw
3541|19620|da|0|la
3544|104953|oa|0|fw
3548|60800|oi|0|fw
3550|18522|da|0|la
3553|19624|di|1|la
3554|66905|mf|0|la
3555|66905|mf|0|la
3556|66905|mf|0|la
3556|18522|di|0|la
3556|33223|da|0|no
3566|18522|di|0|la
3568|27256|di|0|la
3569|27256|di|1|la
3573|14937|mf|1|la
3575|33223|mf|0|la
3575|14937|mf|0|fw
3580|49485|mf|0|la
3584|45124|oi|0|la
3584|96122|di|0|fw
3611|49485|oi|0|la
3617|66905|oi|0|fw
3617|18522|da|0|la
3631|44743|da|0|la
3636|27256|di|0|la
3637|27256|di|1|la
3638|39297|mf|1|la
3639|19620|mf|1|la
3639|39297|mf|1|la
3640|19620|mf|1|la
3645|27256|di|1|la
3646|27256|di|1|la
3649|44743|da|1|la
3650|44743|da|1|la
3654|52635|oi|1|la
3654|49483|di|0|fw
3655|49483|di|0|fw
3660|49478|da|1|la
3664|19624|mf|0|la
3664|82184|mf|0|fw
3665|82184|mf|1|fw
3665|77831|mf|1|la
3666|77831|mf|1|la
3669|45124|mf|1|la
3670|45124|oi|1|fw
3674|33223|oa|1|fw
3675|33223|oa|0|fw
3676|82184|oa|0|fw
3677|82184|oa|0|fw
3679|19624|da|0|la
3679|82184|oa|0|fw
3721|26904|da|0|no
3722|44743|da|0|la
3723|104953|mf|1|fw
3724|60800|mf|0|fw
3725|60800|mf|1|fw
3726|27256|mf|0|la
3727|38685|mf|0|la
3733|38685|oi|1|la
3734|38530|da|0|no
3735|19620|mf|0|la
3736|104953|mf|0|fw
3741|27256|mf|0|la
3741|82184|mf|0|fw
3756|19624|mf|0|la
3756|38530|mf|0|la
3757|19624|mf|1|la
3758|68791|da|0|la
3758|52635|oi|1|fw
3759|68791|da|1|la
3759|66905|di|1|la
3760|66905|di|1|la
3761|68791|da|1|la
3762|66905|mf|0|fw
3762|52635|mf|0|la
3767|19620|mf|0|la
3769|96122|mf|0|la
3770|96122|mf|1|la
3771|19624|mf|1|la
3772|19624|mf|1|la
3776|39297|mf|1|fw
3777|39297|mf|1|fw
3778|14937|oi|1|fw
3779|39297|mf|1|fw
3779|14937|oi|1|fw
3780|39297|mf|1|fw
3782|19624|mf|1|fw
3783|49485|di|0|la
3784|49485|di|0|la
3784|45124|mf|1|la
3785|45124|mf|1|la
3789|33223|mf|1|la
3790|18522|mf|0|fw
3791|18522|mf|0|fw
3793|18522|mf|1|fw
3794|45124|mf|0|la
3796|19624|mf|1|fw
3796|39297|mf|1|fw
3797|39297|mf|1|fw
3797|38530|mf|1|fw
3798|38530|mf|1|fw
3800|96122|mf|1|fw
3801|96122|mf|1|fw
3802|19624|mf|1|fw
3803|19624|mf|1|fw
3807|39297|mf|1|fw
3808|39297|mf|1|fw
3809|44743|da|1|la
3810|44743|da|1|la
3812|27256|di|1|la
3813|27256|di|1|la
3816|96122|mf|1|la
3817|96122|mf|1|la
3818|49483|mf|0|fw
3818|38685|mf|0|la
3819|77831|mf|0|fw
3820|77831|mf|1|fw
3821|60800|mf|1|la
3822|60800|mf|1|fw
3826|49483|mf|1|fw
3827|49483|mf|1|fw
3831|104953|oi|1|fw
3834|39297|da|0|la
3835|52635|mf|0|la
3835|77831|mf|0|fw
3836|77831|mf|1|fw
3837|52635|mf|0|la
3837|77831|mf|0|fw
3845|96122|mf|0|la
3845|38685|mf|0|la
3846|96122|mf|1|la
3849|38685|mf|1|la
3850|38685|mf|1|la
3851|96122|mf|1|la
3852|96122|mf|1|la
3853|14937|mf|1|la
3854|14937|mf|1|la
3859|38685|oi|0|fw
3859|77831|di|0|la
3860|104953|di|0|la
3862|104953|mf|1|fw
3864|104953|oi|0|fw
3864|38685|di|0|la
3875|19620|di|0|la
3876|96122|di|0|la
3877|96122|di|1|la
3880|19620|mf|1|la
3881|19620|mf|1|la
3885|38685|oi|0|la
3887|49478|da|0|no
3887|14937|da|0|no
3888|49478|da|0|no
3927|49478|da|0|la
3930|33223|mf|1|fw
3932|27256|di|0|la
3933|19624|mf|0|la
3933|77831|mf|0|fw
3945|19624|mf|0|la
3946|39297|mf|0|fw
3947|39297|mf|1|fw
3948|38530|mf|1|fw
3949|38530|mf|1|fw
3952|14937|oi|1|fw
3953|66905|di|0|la
3954|38530|oi|0|fw
3955|60800|di|0|la
3956|60800|di|1|la
3957|104953|mf|1|fw
3958|104953|mf|1|fw
3962|33223|oa|1|fw
3963|18522|da|0|la
3965|82184|oa|0|fw
3967|39297|da|0|la
3968|104953|oi|0|fw
3969|104953|oi|0|fw
3971|104953|oa|0|fw
3971|39297|da|0|la
3988|44743|da|0|la
3992|39297|mf|0|fw
3993|39297|mf|1|fw
3995|18522|mf|1|la
3996|18522|mf|1|fw
3997|14937|da|0|no
3998|52635|oi|1|fw
3999|66905|mf|0|la
3999|14937|mf|0|fw
4000|27256|mf|1|la
4001|19620|mf|1|la
4002|19620|mf|1|la
4002|14937|oi|1|fw
4003|14937|oi|1|fw
4004|96122|mf|1|la
4005|96122|mf|1|la
4008|52635|oa|0|fw
4008|49483|da|0|la
4009|52635|oa|0|fw
4009|49483|da|0|la
4012|77831|da|0|no
4026|49478|da|0|la
4032|27256|da|0|la
4032|33223|oa|0|fw
4077|104953|oa|0|fw
4080|19624|da|0|la
4082|49485|oi|0|fw
4085|49485|oa|0|fw
4085|19624|da|0|la
4106|44743|da|0|la
4108|18522|di|1|fw
4109|49485|mf|0|fw
4109|18522|mf|0|la
4113|49483|mf|0|fw
4115|19620|mf|0|la
4117|19620|mf|0|la
4117|49483|mf|0|fw
4119|49483|mf|0|fw
4120|60800|mf|0|fw
4121|60800|mf|1|fw
4123|77831|mf|1|fw
4124|77831|mf|1|la
4126|49485|mf|1|la
4127|49485|mf|1|la
4129|45124|oi|1|la
4130|45124|oi|1|la
4130|77831|mf|1|la
4131|49485|mf|1|la
4131|77831|mf|1|la
4132|49485|mf|1|la
4133|45124|oi|0|la
4136|96122|di|0|fw
4139|96122|mf|1|la
4149|38685|oi|0|la
4150|66905|da|0|la
4150|52635|oa|0|fw
4151|66905|da|0|la
4154|96122|oi|0|la
4155|77831|di|0|la
4156|19624|oi|1|fw
4159|19620|mf|1|la
4160|19620|mf|1|la
4161|38685|oi|0|la
4163|49483|da|0|la
4164|49483|di|1|la
4171|96122|mf|0|la
4172|96122|mf|1|la
4172|38685|mf|1|la
4173|38685|mf|1|la
4174|19624|mf|1|la
4175|19624|mf|1|la
4177|38685|mf|1|la
4178|38685|oi|0|fw
4180|49483|da|0|la
4180|38685|oa|0|fw
4197|52635|da|0|no
4202|49478|da|0|la
4205|27256|mf|0|la
4205|33223|mf|0|fw
4207|77831|mf|1|fw
4210|38530|mf|0|la
4210|60800|mf|0|fw
4237|77831|mf|0|fw
4239|33223|da|0|no
4243|104953|oa|0|fw
4247|38551|da|0|la
4252|38530|di|1|la
4253|38530|mf|1|la
4256|49483|da|0|fw
4256|14937|oa|0|la
4258|14937|oa|0|fw
4260|49478|da|0|la
4260|14937|oa|0|fw
4300|82184|da|0|no
4321|49485|da|0|la
4324|19624|oi|0|fw
4324|60800|di|0|la
4327|38685|oi|1|fw
4328|38685|oi|1|fw
4329|19620|mf|1|la
4330|19620|mf|1|la
4332|14937|oi|1|la
4335|49478|da|0|no
4336|49478|da|0|la
4337|49478|da|0|la
4338|49478|da|0|la
4341|49483|di|0|fw
4342|49483|mf|1|fw
4344|104953|mf|1|fw
4345|104953|mf|1|fw
4352|80146|oa|0|fw
4353|19620|da|0|la
4355|96122|da|0|la
4357|14937|di|1|la
4358|77831|oi|0|fw
4360|27256|di|1|la
4362|49483|mf|0|fw
4364|49483|mf|1|fw
4364|77831|mf|1|fw
4365|60800|mf|1|fw
4365|77831|mf|1|fw
4366|60800|mf|1|fw
4369|68791|di|1|fw
4370|68791|di|1|fw
4371|60800|mf|1|fw
4372|60800|mf|1|fw
4379|49485|oa|0|la
4382|38551|di|0|fw
4385|38551|di|1|fw
4392|49485|da|0|fw
4392|38551|oa|0|la
4395|49483|da|0|fw
4400|49478|da|0|la
4401|49478|da|1|la
4406|49485|mf|1|la
4407|49485|mf|1|la
4409|77831|mf|1|la
4411|96122|mf|0|fw
4413|45124|oi|0|fw
4413|18522|di|0|la
4414|27256|di|1|la
4415|96122|di|0|fw
4416|96122|di|1|fw
4420|19624|mf|1|fw
4421|19624|mf|1|la
4421|14937|mf|1|la
4422|19624|mf|1|la
4422|14937|mf|1|la
4430|68791|da|0|la
4430|14937|oa|0|fw
4431|68791|da|0|la
4431|14937|oa|0|fw
4475|38530|oa|0|fw
4477|49478|da|0|la
4480|49478|da|0|la
4480|38530|oa|0|fw
4487|39297|oa|0|fw
4488|49485|da|0|la
4492|18522|oi|1|fw
4493|49483|di|0|la
4495|18522|mf|0|la
4495|49483|mf|0|fw
4506|19620|mf|0|la
4507|96122|mf|0|la
4508|96122|mf|1|la
4510|38530|mf|1|la
4511|38530|mf|1|la
4512|19620|mf|1|la
4513|19620|mf|1|la
4515|18522|mf|1|la
4517|66905|mf|0|la
4522|18522|mf|1|fw
4525|18522|oi|0|la
4525|77831|di|0|fw
4534|49483|di|0|fw
4535|104953|mf|0|fw
4536|104953|mf|1|fw
4540|80146|oi|1|fw
4541|80146|mf|1|fw
4542|60800|mf|1|fw
4543|60800|mf|1|fw
4544|68791|mf|1|fw
4545|68791|mf|1|fw
4548|104953|oi|1|fw
4549|104953|oi|1|fw
4555|80146|oi|1|fw
4556|104953|oi|1|fw
4556|80146|oa|1|fw
4557|104953|oi|1|fw
4559|49483|oi|1|fw
4560|49483|oi|0|fw
4561|33223|oa|0|fw
4562|33223|oa|0|fw
4564|18522|da|0|la
4564|60800|oa|0|fw
4585|77831|da|0|no
4600|44743|da|0|la
4601|49485|mf|0|la
4601|38551|mf|0|fw
4602|66905|di|0|la
4602|38551|mf|1|fw
4603|66905|di|1|la
4603|88008|mf|1|la
4604|88008|mf|1|la
4607|33223|mf|1|la
4608|33223|oi|1|fw
4613|80146|oi|1|fw
4614|80146|oi|0|fw
4614|27256|di|0|la
4617|80146|oi|1|fw
4617|27256|di|0|la
4620|60800|oi|0|fw
4622|27256|da|0|la
4622|60800|oa|0|fw
4630|44743|da|0|la
4633|39297|di|0|fw
4634|39297|mf|1|fw
4636|14937|mf|1|fw
4637|49485|mf|0|la
4639|19624|mf|1|fw
4641|18522|mf|1|fw
4642|18522|mf|1|fw
4647|27256|mf|1|la
4648|27256|mf|1|la
4656|49485|di|0|la
4656|38551|oi|0|fw
4659|96122|oi|1|fw
4662|19620|oi|0|la
4664|68791|da|0|la
4667|68791|da|0|fw
4667|19620|oa|0|la
4672|38530|oa|0|la
4673|19620|oa|0|la
4674|19620|oa|1|la
4677|27256|mf|1|la
4678|27256|mf|1|la
4681|80146|mf|0|la
4681|96122|mf|0|fw
4682|80146|mf|0|la
4686|80146|mf|0|la
4686|96122|mf|0|fw
4687|80146|da|0|no
4722|88008|mf|0|la
4727|49485|mf|0|la
4727|38551|mf|0|fw
4729|38551|oi|0|fw
4731|38551|oi|0|fw
4736|14937|oa|0|la
4737|14937|oa|1|la
4738|104953|mf|0|fw
4738|19620|mf|0|la
4739|19620|mf|1|la
4740|104953|mf|0|fw
4741|104953|di|0|fw
4741|19620|oi|0|la
4749|19620|oi|0|la
4750|19624|oi|0|la
4751|19624|oi|1|la
4753|38551|oi|1|fw
4754|38551|oi|1|fw
4756|96122|mf|1|fw
4757|96122|mf|1|fw
4758|18522|mf|1|fw
4759|18522|mf|1|fw
4761|27256|mf|1|la
4762|27256|mf|1|la
4764|88008|mf|0|la
4764|38551|mf|1|fw
4766|88008|mf|0|fw
4766|38530|mf|0|la
4767|80146|mf|0|fw
4771|80146|oi|0|fw
4774|80146|oa|0|fw
4774|38530|da|0|la
4781|44743|da|0|la
4787|39297|mf|0|fw
4788|39297|mf|1|fw
4789|18522|mf|1|fw
4790|18522|mf|1|fw
4793|38551|mf|1|fw
4794|80146|mf|0|fw
4794|38551|mf|0|la
4797|49483|mf|0|fw
4804|104953|mf|0|fw
4805|104953|oi|1|fw
4807|49483|oi|1|fw
4809|19620|di|0|la
4809|49483|oi|0|fw
4811|49483|oi|0|fw
4812|60800|oi|0|fw
4813|60800|oi|1|fw
4816|49483|oi|0|fw
4818|19620|di|0|la
4818|49483|oi|0|fw
4822|38530|di|0|la
4825|96122|mf|0|la
4826|96122|mf|1|la
4833|38530|oa|0|la
4835|66905|da|0|la
4836|49478|da|0|la
4837|49478|da|0|la
4838|14937|oa|0|fw
4870|45124|da|0|no
4878|80146|mf|1|fw
4878|33223|mf|1|fw
4879|80146|mf|1|fw
4885|60800|mf|1|la
4891|19620|oi|0|la
4894|19620|oi|0|la
4896|66905|da|0|la
4899|14937|oa|1|fw
4901|19624|oa|0|fw
4901|33223|da|0|la
4902|19624|oi|1|fw
4906|38530|oa|1|fw
4907|38530|oa|1|fw
4909|88008|di|0|la
4909|19624|oi|0|fw
4911|96122|oi|1|fw
4911|19624|oi|1|fw
4912|96122|oi|1|fw
4914|55179|di|0|la
4914|39297|oi|0|fw
4915|39297|oi|1|fw
4915|38530|oi|1|fw
4916|38530|oi|1|fw
4918|38551|oa|0|fw
4922|104953|da|0|la
4927|104953|mf|0|fw
4927|39297|mf|0|la
4931|104953|mf|0|fw
4933|96122|mf|0|la
4935|55179|mf|0|fw
4935|96122|mf|0|la
4936|55179|oi|0|fw
4937|55179|oi|0|fw
4940|88008|oa|0|fw
4940|96122|da|0|la
4955|88008|mf|0|la
4955|44743|da|0|la
4956|88008|mf|0|la
4956|18522|mf|0|fw
4970|18522|di|0|fw
4971|19624|mf|0|fw
4972|19624|mf|1|fw
4973|38685|oi|1|fw
4974|38685|oi|1|fw
4976|14937|oi|1|fw
4977|19620|oa|1|fw
4977|14937|oi|1|fw
4978|19620|oa|1|fw
4978|14937|oa|1|fw
4979|49478|da|0|la
4979|14937|oa|0|fw
4981|49483|da|0|la
4982|14937|da|0|no
4983|49483|da|0|la
4983|14937|oa|0|fw
5009|19620|oa|0|fw
5011|68791|da|0|la
5011|38530|oa|0|fw
5012|38530|oa|0|fw
5013|49483|da|0|la
5013|38530|oa|0|fw
5029|49478|da|0|la
5032|55179|mf|0|la
5032|39297|mf|0|fw
5033|55179|mf|1|la
5036|38551|oi|1|fw
5036|27256|di|1|la
5037|38551|oi|1|fw
5040|38685|mf|1|fw
5041|38685|mf|1|fw
5042|19624|mf|1|fw
5043|19624|mf|1|fw
5043|14937|oi|1|fw
5044|14937|oi|1|fw
5050|38685|oi|1|fw
5051|38685|oi|1|la
5053|38530|oi|1|la
5054|38530|oi|1|la
5056|38685|oa|1|fw
5057|49478|da|0|la
5057|38685|oa|0|fw
5059|49478|da|0|la
5063|49478|da|0|la
5069|55179|mf|0|la
5069|96122|mf|0|fw
5071|55179|oi|1|fw
5075|33223|oi|1|fw
5077|19620|da|0|la
5078|19620|da|0|la
5078|33223|oa|0|fw
5084|104953|oa|0|fw
5089|33223|oa|0|fw
5092|19620|da|0|la
5092|33223|oa|0|fw
5102|44743|da|0|la
5103|19624|di|0|la
5104|19624|di|1|la
5105|96122|mf|1|la
5106|96122|mf|1|la
5110|18522|mf|1|fw
5111|18522|mf|1|fw
5114|39297|di|1|la
5115|39297|di|1|la
5116|38551|mf|1|fw
5117|38551|mf|1|fw
5117|39297|mf|1|fw
5118|39297|mf|1|fw
5119|38551|mf|1|fw
5120|38551|mf|1|fw
5122|96122|mf|1|fw
5124|68791|mf|0|fw
5126|33223|mf|0|fw
5127|33223|oi|1|fw
5132|44743|da|0|la
5135|44743|da|0|la
5137|96122|di|1|la
5140|49485|mf|0|la
5140|38685|mf|0|fw
5142|66905|mf|0|la
5144|55179|mf|0|la
5145|55179|mf|1|la
5147|80146|oi|1|fw
5148|80146|mf|1|la
5150|88008|mf|1|la
5151|88008|mf|1|la
5153|55179|oi|1|la
5154|55179|oi|0|la
5157|104953|oa|1|fw
5160|19620|da|0|la
5162|104953|oa|0|fw
5162|19620|da|0|la
5165|104953|oa|0|fw
5168|49483|oi|0|fw
5171|39297|da|1|la
5173|44743|da|0|la
5177|44743|da|1|la
5180|66905|di|0|la
5183|80146|mf|0|la
5184|88008|mf|0|la
5184|19624|mf|0|fw
5185|88008|mf|1|la
5186|55179|mf|0|la
5186|39297|mf|0|fw
5187|80146|da|0|no
5195|55179|mf|0|la
5203|104953|oa|0|fw
5203|19620|da|0|la
5206|38530|da|0|la
5207|38530|da|1|la
5208|96122|da|1|la
5209|96122|da|1|la
5213|38551|di|1|la
5216|66905|da|0|no
5217|66905|di|0|la
5217|38551|oi|0|fw
5220|66905|di|0|la
5225|88008|di|0|la
5226|88008|mf|1|la
5232|49485|mf|1|la
5233|49485|di|1|la
5234|68791|di|1|la
5235|68791|di|1|la
5238|60800|mf|1|fw
5239|60800|mf|1|fw
5247|49483|oi|0|fw
5251|18522|da|1|la
5252|19620|da|0|la
5255|19620|di|1|la
5257|14937|mf|1|la
5258|14937|mf|1|la
5263|38530|oi|1|la
5264|60800|di|0|fw
5268|38530|mf|1|la
5272|19624|mf|1|fw
5275|68791|di|0|la
5275|19624|oi|0|fw
5282|49485|di|0|la
5283|66905|da|0|la
5284|66905|da|1|la
5287|60800|di|1|la
5288|60800|mf|1|la
5292|104953|mf|1|fw
5293|104953|oi|1|fw
5294|33223|oa|1|fw
5295|44743|da|0|la
5295|33223|oa|0|fw
5301|44743|da|0|la
5304|18522|di|0|la
5305|18522|di|1|la
5305|38551|mf|1|fw
5306|38551|mf|1|fw
5308|19624|di|1|la
5309|19624|di|1|fw
5314|55179|di|0|la
5314|38685|oi|0|fw
5316|38685|mf|1|fw
5318|66905|di|0|la
5319|66905|di|0|la
5320|66905|di|1|la
5323|55179|da|0|no
5324|55179|mf|0|la
5324|38551|mf|0|fw
5364|44743|da|0|no
5371|66905|mf|0|la
5374|19620|di|0|la
5374|33223|oi|0|fw
5377|33223|oa|0|fw
5380|19620|da|0|la
5380|33223|oa|0|fw
5392|41251|da|0|la
5394|68791|mf|0|fw
5396|14937|oi|1|la
5397|38685|oi|1|fw
5398|19624|mf|1|la
5398|38685|oi|1|fw
5399|19624|mf|1|la
5403|38530|oi|1|la
5404|38530|oi|1|la
5405|19624|oi|1|fw
5406|19624|oi|1|fw
5408|14937|oi|1|fw
5409|14937|oi|1|fw
5410|38551|oa|1|fw
5411|66905|da|0|la
5413|49483|da|0|la
5415|96122|oi|1|fw
5418|19620|oi|0|la
5419|68791|da|0|la
5422|33223|mf|1|fw
5423|88008|di|0|la
5424|88008|mf|1|la
5430|80146|oa|0|la
5430|18522|da|0|fw
5432|18522|da|0|fw
5433|18522|da|1|fw
5436|88008|mf|0|la
5436|38551|mf|0|fw
5437|88008|mf|0|la
5437|38551|mf|0|fw
5451|96122|mf|0|fw
5451|38551|mf|0|fw
5452|96122|mf|1|fw
5452|18522|mf|1|fw
5453|18522|mf|1|fw
5454|38530|oi|1|fw
5455|88008|di|0|la
5456|19624|da|0|no
5456|60800|di|0|la
5457|38530|oi|1|fw
5461|38551|oa|0|fw
5462|49483|da|0|la
5463|49483|da|0|la
5463|38551|oa|0|fw
5482|38530|oa|0|fw
5483|104953|da|0|la
5486|104953|da|0|no
5487|33223|di|0|fw
5490|38530|oi|0|la
5490|33223|di|0|fw
5496|19620|oi|0|la
5499|96122|mf|0|la
5500|96122|mf|1|la
5503|38530|oa|1|fw
5504|38530|oa|0|fw
5506|14937|oa|0|fw
5507|14937|oa|0|fw
5508|49485|da|0|la
5508|14937|oa|0|fw
5530|49478|da|0|la
5538|96122|mf|1|la
5538|38685|mf|0|la
5539|96122|mf|1|la
5540|19624|mf|1|la
5541|19624|mf|1|la
5541|38685|mf|1|la
5542|38685|mf|1|la
5544|14937|oa|1|fw
5545|49478|da|0|la
5545|14937|oa|0|fw
5549|68791|da|0|la
5550|68791|da|1|la
5554|49483|da|1|la
5555|104953|mf|1|fw
5555|49483|di|1|fw
5556|104953|mf|1|fw
5558|60800|di|1|fw
5559|60800|di|0|la
5560|19624|oi|1|la
5561|38530|oi|0|fw
5562|38530|oi|0|fw
5563|38530|oa|0|fw
5563|60800|da|0|la
5576|49478|da|0|la
5577|66905|da|0|la
5578|66905|di|1|la
5581|49485|mf|1|la
5582|49485|mf|1|la
5586|55179|mf|1|la
5587|55179|mf|1|la
5588|60800|mf|1|fw
5589|60800|mf|1|la
5590|66905|mf|1|la
5591|66905|mf|1|la
5592|68791|mf|1|fw
5593|68791|mf|1|fw
5594|49483|mf|1|fw
5595|49483|mf|1|fw
5598|104953|oi|1|fw
5599|104953|oi|1|fw
5601|55179|oi|1|fw
5602|55179|oi|1|fw
5602|49483|mf|1|fw
5603|49483|mf|1|fw
5604|80146|oi|1|fw
5605|80146|oi|1|fw
5608|104953|oi|0|fw
5608|27256|di|0|la
5610|104953|oi|1|fw
5613|88008|oi|1|fw
5614|39297|di|0|la
5616|18522|da|0|la
5618|66905|mf|1|fw
5620|49485|oi|1|la
5621|49485|oi|1|la
5624|38551|di|0|fw
5624|33223|oi|0|la
5630|38551|da|0|fw
5631|88008|oi|0|la
5633|55179|oi|0|la
5633|39297|di|0|fw
5634|49485|oi|0|la
5634|39297|di|0|fw
5636|88008|oi|1|la
5638|38551|di|0|fw
5638|33223|oi|0|la
5641|19624|di|0|fw
5641|33223|oi|0|fw
5652|19624|da|0|no
5733|33223|oi|0|fw
5735|19624|da|0|la
5735|33223|oa|0|fw
5743|41251|da|0|la
5753|19620|mf|0|la
5754|19620|oi|1|la
5756|38685|oi|1|fw
5757|49485|da|0|no
5758|49485|di|0|la
5760|19624|oi|0|fw
5761|49485|da|0|la
5761|19624|oa|0|fw
